Head_x,Head_y,ElbowRight_x,ElbowRight_y,ElbowLeft_x,ElbowLeft_y,HandRight_x,HandRight_y,HandLeft_x,HandLeft_y,KneeRight_x,KneeRight_y,KneeLeft_x,KneeLeft_y,FootRight_x,FootRight_y,FootLeft_x,FootLeft_y,SpineBase_x,SpineBase_y,SpineShoulder_x,SpineShoulder_y,
0.12396,-0.56956,-0.24495,-0.2622,0.24596,-0.25549,-0.11275,-0.14134,0.24736,-0.10616,-0.1561,0.23557,0.1538,0.1861,-0.0791,0.40715,0.08686,0.50132,-0.03346,-0.01546,0.03992,-0.38968,
0.13781,-0.60426,-0.23766,-0.24143,0.24358,-0.26052,-0.10953,-0.12601,0.14722,-0.27161,-0.19091,0.28253,0.16721,0.22279,-0.1199,0.38907,0.07375,0.51483,-0.00766,0.02945,0.03992,-0.38968,
0.11918,-0.64612,-0.21158,-0.26333,0.20486,-0.30094,-0.14026,-0.15271,0.27036,-0.47216,-0.1539,0.3107,0.1422,0.22481,-0.04689,0.65182,0.04929,0.48015,0.03894,0.02796,0.03992,-0.38968,
0.0936,-0.69193,-0.20217,-0.26967,0.22041,-0.29962,-0.15379,-0.11655,0.22352,-0.48504,-0.17274,0.33336,0.13718,0.23539,-0.04432,0.68333,0.29014,0.41985,0.06462,0.04805,0.03992,-0.38968,
0.11171,-0.70258,-0.24003,-0.29881,0.18423,-0.30699,-0.11886,-0.08231,0.2413,-0.48839,-0.20402,0.36404,0.13723,0.26719,-0.13197,0.70571,0.0877,0.71172,0.07876,0.01017,0.03992,-0.38968,
0.12349,-0.71684,-0.20651,-0.26792,0.18636,-0.30018,-0.12623,-0.11564,0.19423,-0.48238,-0.18443,0.34456,0.13906,0.26355,-0.12079,0.7163,0.07917,0.68576,0.09661,-0.03823,0.03992,-0.38968,
0.15893,-0.70474,-0.1956,-0.3283,0.16523,-0.29645,-0.35731,-0.10862,0.18629,-0.51,-0.16941,0.33133,0.11134,0.29895,-0.25969,0.6919,0.05471,0.67359,0.05234,-0.04176,0.03992,-0.38968,
0.20326,-0.74557,-0.19842,-0.35495,0.1833,-0.33387,-0.34778,-0.13173,0.07489,-0.25604,-0.21374,0.32877,0.13097,0.27414,-0.23076,0.63439,0.09835,0.69217,0.05553,-0.01086,0.03992,-0.38968,
0.22343,-0.76166,-0.17798,-0.37112,0.21726,-0.35298,-0.35955,-0.15365,0.09754,-0.21367,-0.2463,0.21791,0.08725,0.24667,-0.19995,0.65278,0.07818,0.6813,0.00876,0.02988,0.03992,-0.38968,
0.19882,-0.70408,-0.19712,-0.37105,0.24524,-0.36404,-0.42008,-0.33942,0.10189,-0.17002,-0.28308,0.22944,0.1333,0.22209,-0.23955,0.61039,0.06437,0.67022,0.0046,0.06385,0.03992,-0.38968,
0.1969,-0.69546,-0.20779,-0.35901,0.25775,-0.33038,-0.426,-0.36536,0.06632,-0.21404,-0.27029,0.2327,0.11551,0.17685,-0.20621,0.58689,0.05747,0.69029,0.00288,0.09393,0.03992,-0.38968,
0.04785,-0.67434,-0.15947,-0.34729,0.27695,-0.29352,-0.42086,-0.39803,0.16214,-0.08279,-0.31631,0.24765,0.0972,0.15718,-0.17587,0.59011,0.07807,0.71933,-0.04224,0.06039,0.03992,-0.38968,
0.01556,-0.65529,-0.19446,-0.38856,0.2578,-0.24236,-0.43237,-0.42634,0.12537,-0.09538,-0.32097,0.03697,0.12775,0.17477,-0.26786,0.62491,0.12909,0.75557,-0.03617,0.09697,0.03992,-0.38968,
0.04037,-0.65316,-0.20233,-0.34862,0.26776,-0.21894,-0.40723,-0.4179,0.09312,-0.09524,-0.3163,0.04405,0.10431,0.19444,-0.25582,0.65898,0.1181,0.76728,-0.081,0.0952,0.02588,-0.40534,
0.04702,-0.67675,-0.19273,-0.3232,0.28936,-0.20202,-0.35623,-0.31972,0.07042,-0.06292,-0.34577,0.03783,0.10498,0.18491,-0.24111,0.66193,0.12499,0.72376,-0.09345,0.05722,0.01899,-0.46074,
-0.00153,-0.66251,-0.19224,-0.26612,0.25886,-0.22757,-0.365,-0.24493,0.0498,-0.01621,-0.32309,0.01166,0.09793,0.19871,-0.27011,0.71023,0.11128,0.69669,-0.09389,0.05342,0.02588,-0.40534,
0.02852,-0.70637,-0.16136,-0.27755,0.26908,-0.18198,-0.37748,-0.22239,0.07728,-0.05029,-0.32509,-0.03077,0.06559,0.1987,-0.39618,0.51672,0.13021,0.70643,-0.11433,0.01735,-0.02727,-0.4212,
-0.07437,-0.68523,-0.14688,-0.26518,0.29116,-0.20185,-0.35728,-0.20226,0.04366,-0.0464,-0.32562,-0.05576,0.03789,0.1896,-0.39866,0.52006,0.16001,0.73529,-0.15624,-0.00787,-0.02727,-0.4212,
-0.11536,-0.72774,-0.17464,-0.25801,0.07516,-0.25415,-0.28888,-0.05867,-0.18238,-0.03179,-0.2913,0.05433,-0.00258,0.23549,-0.35102,0.47035,0.12228,0.77103,-0.17636,-0.04989,-0.02727,-0.4212,
-0.12238,-0.76146,-0.20807,-0.21103,0.07829,-0.25491,-0.33174,-0.08097,-0.18026,-0.03768,-0.26582,0.02697,-0.01939,0.24005,-0.31905,0.46026,0.11904,0.79878,-0.22115,-0.02336,-0.02727,-0.4212,
-0.07346,-0.71395,-0.24026,-0.19649,0.07979,-0.2612,-0.32973,-0.09269,-0.19672,-0.06688,-0.29794,0.03971,0.02405,0.22501,-0.3631,0.48772,0.09728,0.83271,-0.21362,-0.0674,-0.02727,-0.4212,
-0.20075,-0.65522,-0.20977,-0.17371,-0.17997,-0.19944,-0.35099,-0.09618,-0.20778,-0.08618,-0.29429,0.05279,0.00533,0.20527,-0.40989,0.51818,0.13758,0.83202,-0.21491,-0.06242,-0.10227,-0.45084,
-0.20637,-0.66652,-0.17991,-0.15033,-0.17453,-0.15569,-0.34589,-0.11142,-0.20875,-0.08883,-0.274,0.06984,0.02342,0.3213,-0.41416,0.5357,0.12135,0.78586,-0.18691,-0.04785,-0.12176,-0.37648,
-0.19282,-0.6353,-0.18808,-0.18774,-0.14512,-0.16968,-0.33232,-0.10521,-0.24961,-0.12716,-0.29424,0.038,0.09874,0.33752,-0.42007,0.51062,0.11494,0.67581,-0.18672,-0.09284,-0.12176,-0.37648,
-0.18469,-0.59856,-0.16682,-0.21061,-0.14631,-0.20692,-0.35112,-0.14078,-0.2935,-0.12136,-0.29843,0.05717,0.11693,0.37489,-0.37404,0.49935,0.15512,0.64294,-0.16252,-0.11737,-0.12176,-0.37648,
-0.18394,-0.58632,-0.20123,-0.25175,-0.13402,-0.385,-0.40006,-0.1621,-0.30585,-0.15194,-0.31654,0.05744,0.16537,0.37247,-0.39038,0.47174,0.16364,0.60138,-0.20044,-0.0792,-0.12176,-0.37648,
-0.19373,-0.58446,-0.1754,-0.25422,-0.13552,-0.43359,-0.29864,-0.06613,-0.35505,-0.19521,-0.32904,0.07053,0.19198,0.36439,-0.43573,0.43894,0.19958,0.57858,-0.24607,-0.11263,-0.12176,-0.37648,
-0.17241,-0.588,-0.19447,-0.27339,-0.07106,-0.38538,-0.32265,-0.07624,-0.30606,-0.23324,-0.36419,0.11996,0.09866,0.36996,-0.43324,0.47223,0.09467,0.707,-0.22507,-0.07899,-0.08516,-0.41308,
-0.16302,-0.62707,-0.24016,-0.2591,-0.07981,-0.3935,-0.33452,-0.05548,-0.31102,-0.24502,-0.35032,0.05796,0.07761,0.36384,-0.45157,0.49403,0.10175,0.7357,-0.22022,-0.11068,-0.02727,-0.4212,
-0.15902,-0.63428,-0.25994,-0.27827,-0.08367,-0.36015,-0.34871,-0.03961,-0.35373,-0.27186,-0.33686,0.04762,0.08349,0.33403,-0.43182,0.50727,0.11949,0.76202,-0.25397,-0.15952,-0.02727,-0.4212,
-0.13221,-0.60076,-0.25892,-0.26714,-0.13028,-0.36154,-0.38619,0.0098,-0.39638,-0.27326,-0.31357,0.02452,0.11092,0.34706,-0.41469,0.52193,0.12191,0.79458,-0.20667,-0.15825,-0.02727,-0.4212,
-0.04961,-0.65843,-0.30063,-0.30138,-0.11959,-0.36447,-0.4057,-0.02942,-0.41443,-0.27739,-0.3186,0.00625,0.14562,0.32049,-0.38953,0.50057,0.12391,0.75773,-0.24522,-0.17168,0.01899,-0.46074,
-0.04952,-0.64978,-0.20671,-0.35452,-0.13202,-0.36874,-0.35612,-0.04718,-0.40567,-0.26364,-0.30848,0.03313,0.16764,0.28273,-0.35942,0.49495,-0.08464,0.6398,-0.21093,-0.12897,0.03992,-0.38968,
-0.05672,-0.68469,-0.21473,-0.3382,-0.11034,-0.38888,-0.35932,-0.03154,-0.35357,-0.26074,-0.34704,0.01439,0.17851,0.319,-0.40008,0.51528,-0.06803,0.64234,-0.23192,-0.16054,0.03992,-0.38968,
0.05468,-0.66874,-0.22477,-0.36314,-0.11399,-0.40628,-0.36094,-0.04492,-0.39297,-0.26556,-0.34981,0.00832,0.18962,0.28143,-0.35908,0.47737,-0.11065,0.6012,-0.20859,-0.16957,0.03992,-0.38968,
0.05267,-0.69374,-0.25821,-0.32821,-0.10779,-0.39964,-0.37865,-0.0753,-0.08669,-0.61688,-0.39491,-0.03115,0.15351,0.27049,-0.39771,0.44124,-0.02629,0.56371,-0.23797,-0.17879,0.03992,-0.38968,
0.05015,-0.67194,-0.18786,-0.31378,-0.12339,-0.37487,-0.35032,-0.03838,-0.15718,-0.6024,-0.43815,-0.06852,0.16918,0.25878,-0.3156,0.47938,-0.02815,0.54093,-0.20686,-0.13431,0.03992,-0.38968,
0.08403,-0.6858,-0.18857,-0.35376,-0.13031,-0.36462,-0.36038,-0.04347,-0.16235,-0.55765,-0.47898,-0.0583,0.1435,0.21376,-0.30647,0.47705,0.00099,0.53537,-0.17834,-0.12127,0.03992,-0.38968,
0.10499,-0.67592,-0.15028,-0.37429,-0.13073,-0.40002,-0.33854,-0.05632,-0.12226,-0.57553,-0.4826,-0.07822,0.16087,0.20437,-0.26413,0.50176,-0.0229,0.51743,-0.19824,-0.1145,0.03992,-0.38968,
0.03911,-0.68468,-0.1465,-0.36323,0.23597,-0.45577,-0.31317,-0.08509,-0.09032,-0.54993,-0.52803,-0.07719,0.25486,0.12105,-0.31018,0.43944,0.02058,0.41337,-0.19323,-0.09176,-0.01688,-0.51008,
0.013,-0.63833,-0.19211,-0.40228,0.24165,-0.42177,-0.34272,-0.12538,-0.09597,-0.54576,-0.54654,-0.11886,0.29294,0.12101,-0.30532,0.4272,0.03271,0.37598,-0.18057,-0.08959,-0.0311,-0.5401,
-0.0597,-0.657,-0.18016,-0.44133,0.21687,-0.46246,-0.31019,-0.09097,-0.08556,-0.56637,-0.58207,-0.12288,0.26734,0.13519,-0.3203,0.45995,0.06321,0.38938,-0.16247,-0.04929,-0.0311,-0.5401,
-0.08967,-0.66729,-0.2355,-0.37181,0.19459,-0.30108,-0.3255,-0.14351,-0.08231,-0.56354,-0.53406,-0.0746,0.2971,0.14843,-0.33781,0.4451,0.0706,0.40567,-0.13424,-0.00984,-0.0311,-0.5401,
-0.13628,-0.68834,-0.20542,-0.33728,0.237,-0.26084,-0.34432,-0.1274,-0.04316,-0.57274,-0.57172,-0.12349,0.30217,0.14442,-0.36617,0.48707,0.08337,0.38845,-0.08793,0.00637,-0.0311,-0.5401,
-0.13279,-0.64475,-0.20932,-0.30503,0.22761,-0.27322,-0.33912,-0.0942,-0.12861,-0.55006,-0.5925,-0.14002,0.30889,0.16102,-0.36808,0.47294,0.06383,0.41512,-0.07014,0.05291,-0.0311,-0.5401,
-0.08826,-0.61077,-0.21289,-0.27438,-0.03454,-0.42902,-0.35454,-0.10498,-0.11693,-0.54625,-0.56317,-0.13255,0.28472,0.16947,-0.39229,0.48807,0.09501,0.43572,-0.10999,0.07304,-0.0307,-0.50405,
-0.09069,-0.63638,-0.21429,-0.25911,0.02692,-0.40528,-0.35273,-0.12715,-0.13091,-0.49608,-0.55678,-0.11432,0.28514,0.16307,-0.4368,0.48036,0.0843,0.48461,-0.13506,0.09946,-0.02727,-0.4212,
-0.13527,-0.60904,-0.22898,-0.25537,0.0506,-0.38186,-0.34161,-0.13307,-0.17033,-0.45586,-0.5757,-0.09338,0.19766,0.29382,-0.40712,0.51252,-0.0319,0.50948,-0.14855,0.10391,-0.02727,-0.4212,
-0.14158,-0.61271,-0.27019,-0.28477,0.05176,-0.36861,-0.32581,-0.09559,-0.17853,-0.44325,-0.57237,-0.05933,0.17383,0.29667,-0.39392,0.51661,-0.0316,0.50743,-0.11508,0.11058,-0.02727,-0.4212,
-0.05642,-0.63761,-0.22802,-0.31946,0.09243,-0.40131,-0.33738,-0.10648,-0.21519,-0.46024,-0.61906,-0.04944,0.1401,0.30935,-0.37514,0.47203,-0.08105,0.54834,-0.1469,0.13226,0.01899,-0.46074,
-0.05458,-0.63562,-0.23308,-0.36753,0.06687,-0.35366,-0.35732,-0.09826,-0.17464,-0.42612,-0.64885,-0.02401,0.14703,0.34451,-0.3435,0.4588,-0.00455,0.65199,-0.10519,0.12155,0.03992,-0.38968,
0.05623,-0.66455,-0.27014,-0.32855,0.07285,-0.31752,-0.34528,-0.13922,-0.10947,-0.42244,-0.59987,-0.04944,0.11096,0.35597,-0.37779,0.44904,0.0436,0.64468,-0.08295,0.1325,0.03992,-0.38968,
0.0452,-0.6204,-0.25986,-0.34874,0.23373,-0.32017,-0.34519,-0.13689,-0.05958,-0.41186,-0.63052,-0.09415,0.14236,0.40064,-0.40406,0.46429,0.06114,0.64053,-0.06839,0.13375,0.03992,-0.38968,
0.04148,-0.59685,-0.29363,-0.37055,0.23685,-0.28228,-0.36167,-0.11921,0.18063,-0.26703,-0.62619,-0.12331,0.12428,0.39381,-0.44565,0.42609,0.0442,0.65617,-0.04367,0.09379,0.03992,-0.38968,
0.17468,-0.59472,-0.27162,-0.32349,0.24217,-0.27476,-0.36764,-0.13212,0.18766,-0.29019,-0.59528,-0.12586,0.12109,0.3689,-0.48884,0.4072,0.01509,0.63965,-0.08843,0.06277,0.03992,-0.38968,
0.16634,-0.58965,-0.2612,-0.37037,0.29168,-0.23063,-0.40466,-0.08833,0.18074,-0.27506,-0.34131,0.09085,0.10618,0.30289,-0.49055,0.4114,-0.01389,0.62382,-0.11988,0.07222,0.10272,-0.42213,
0.16421,-0.62229,-0.3045,-0.36731,0.24568,-0.26032,-0.33715,-0.04587,0.42102,-0.02841,-0.33369,0.10554,0.10402,0.31808,-0.49373,0.38966,0.01402,0.63961,-0.14787,0.05542,0.09115,-0.42543,
0.18576,-0.67118,-0.22876,-0.24,0.24016,-0.27186,-0.33454,-0.04434,0.42197,0.01429,-0.2944,0.0666,0.10941,0.35654,-0.50498,0.36595,-0.02138,0.60292,-0.12121,0.02298,0.03992,-0.38968,
0.14857,-0.63933,-0.2345,-0.2217,0.23614,-0.27035,-0.33597,-0.03446,0.37362,0.03733,-0.32036,0.0594,0.10478,0.32641,-0.51561,0.3199,-0.02759,0.57655,-0.14617,0.01114,0.03992,-0.38968,
0.14987,-0.65922,-0.23153,-0.21167,0.26595,-0.22946,-0.35759,-0.00236,0.37471,0.05528,-0.34981,0.09727,0.16978,0.26494,-0.53999,0.31953,0.03401,0.42107,-0.17864,0.01811,0.03992,-0.38968,
0.17074,-0.62659,-0.27075,-0.19884,0.25423,-0.26006,-0.34458,0.01541,0.36863,0.03341,-0.36788,0.06554,0.27009,0.12342,-0.53938,0.3206,0.04122,0.39782,-0.16887,0.06007,0.03992,-0.38968,
0.12194,-0.66978,-0.2619,-0.22415,0.25014,-0.25405,-0.37584,-0.00475,0.08947,-0.05978,-0.28315,-0.1406,0.25786,0.15771,-0.53146,0.35368,0.0595,0.38285,-0.18949,0.06351,0.03992,-0.38968,
0.11902,-0.68643,-0.29807,-0.19198,0.25009,-0.20629,-0.40631,-0.05452,0.12991,-0.05716,-0.28359,-0.11869,0.24094,0.15119,-0.58107,0.32409,0.06967,0.41326,-0.2014,0.0185,0.03992,-0.38968,
0.07181,-0.63892,-0.31471,-0.20648,0.24145,-0.15888,-0.42138,-0.00731,0.11317,-0.03554,-0.2338,-0.11753,0.27186,0.15354,-0.60062,0.20827,0.0715,0.43521,-0.24543,-0.02192,0.03992,-0.38968,
0.0765,-0.67379,-0.32562,-0.22156,0.25547,-0.14593,-0.42267,-0.04021,0.23068,-0.1264,-0.267,-0.12652,0.23506,0.16593,-0.58582,0.23467,0.04198,0.45282,-0.26623,0.01161,0.03992,-0.38968,
0.05068,-0.65824,-0.29808,-0.23949,0.22004,-0.10254,-0.46586,-0.02282,0.31454,-0.40799,-0.29766,-0.1415,0.22626,0.14597,-0.56544,0.22754,0.0855,0.41759,-0.30749,0.00848,0.03992,-0.38968,
0.04949,-0.63848,-0.25352,-0.25693,0.20951,-0.13459,-0.44961,-0.01474,0.26758,-0.41937,-0.31325,-0.09956,0.21633,0.12952,-0.5997,0.25625,0.12897,0.4208,-0.25902,0.03185,0.03992,-0.38968,
0.05449,-0.67345,-0.24165,-0.23719,0.18739,-0.10671,-0.31233,-0.09806,0.25351,-0.45147,-0.28939,-0.07565,0.22123,0.12499,-0.61927,0.25693,0.10959,0.4295,-0.22092,-0.00339,0.02588,-0.40534,
0.07326,-0.65109,-0.27172,-0.25257,0.17,-0.11814,-0.31153,-0.11208,0.26666,-0.47407,-0.27421,-0.06119,0.20448,0.15614,-0.64435,0.25744,0.10537,0.46041,-0.21261,-0.00656,-0.02727,-0.4212,
0.04185,-0.64963,-0.28181,-0.20265,0.12411,-0.15159,-0.28874,-0.08854,0.25222,-0.49482,-0.23813,-0.01826,0.17778,0.15874,-0.62088,0.26988,0.08737,0.40278,-0.18922,0.02748,-0.02727,-0.4212,
0.04493,-0.68889,-0.28,-0.21999,0.08444,-0.18666,-0.26771,-0.12362,0.25439,-0.49245,-0.25289,0.041,0.23771,0.12354,-0.57561,0.303,0.11885,0.37638,-0.18083,0.0531,-0.02727,-0.4212,
0.02244,-0.64131,-0.25253,-0.23641,0.10749,-0.2148,-0.26653,-0.13831,0.28877,-0.5102,-0.28099,0.02889,0.23401,0.11851,-0.52927,0.29933,0.24524,0.40322,-0.19359,0.00982,-0.02727,-0.4212,
-0.00889,-0.67211,-0.31702,-0.36513,0.07984,-0.21401,-0.2891,-0.10807,0.2275,-0.47575,-0.31709,0.03678,0.28623,0.14832,-0.57912,0.3206,0.26485,0.383,-0.17075,0.04642,-0.02727,-0.4212,
0.0271,-0.63267,-0.32709,-0.36579,0.09508,-0.23682,-0.27213,-0.11527,0.25513,-0.48746,-0.26819,0.00011,0.07629,-0.1227,-0.57102,0.33674,0.0948,0.0783,-0.1719,0.07337,-0.02727,-0.4212,
0.03861,-0.60942,-0.35602,-0.37547,0.23511,-0.29112,-0.29565,-0.09923,0.24058,-0.5132,-0.28962,-0.03905,0.01973,-0.11184,-0.53044,0.37749,0.07988,0.04481,-0.1689,0.12127,-0.02727,-0.4212,
-0.06831,-0.66123,-0.37218,-0.3406,0.20842,-0.31412,-0.31613,-0.0847,0.27254,-0.51492,-0.33212,-0.00889,0.05498,-0.15126,-0.49207,0.39714,0.09268,0.12256,-0.21743,0.08564,-0.02727,-0.4212,
-0.06004,-0.6599,-0.35698,-0.34223,0.22716,-0.30458,-0.31839,-0.12782,0.29156,-0.50884,-0.29207,-0.05058,0.03951,-0.17704,-0.53862,0.35071,0.10702,0.10667,-0.17043,0.0575,-0.02727,-0.4212,
-0.06374,-0.6611,-0.36532,-0.34676,0.22542,-0.3004,-0.32358,-0.10238,0.31896,-0.50996,-0.25984,-0.05105,0.00531,-0.19262,-0.56096,0.35748,0.07323,0.12015,-0.15528,0.037,-0.02727,-0.4212,
-0.06501,-0.64664,-0.37799,-0.32758,0.23633,-0.3346,-0.27572,-0.08619,0.29234,-0.55395,-0.24206,-0.09628,-0.03852,-0.15081,-0.58877,0.31136,0.05641,0.11696,-0.16484,-0.00739,-0.02727,-0.4212,
-0.08321,-0.68607,-0.36851,-0.26302,0.23009,-0.34728,-0.3499,-0.12235,0.29625,-0.37733,-0.25203,0.03102,0.13008,-0.13272,-0.58374,0.29255,0.082,0.11337,-0.12566,-0.04529,-0.10227,-0.45084,
-0.09227,-0.65067,-0.35039,-0.24584,0.18599,-0.35961,-0.34649,-0.1352,0.2935,-0.33667,-0.24388,0.02169,0.11035,-0.16971,-0.60856,0.30552,0.06023,0.11831,-0.0953,-0.07117,-0.12176,-0.37648,
-0.13516,-0.6163,-0.38579,-0.28212,0.21737,-0.35604,-0.33954,-0.15202,0.24181,-0.08555,-0.24546,-0.0099,0.07821,-0.17855,-0.6216,0.34921,0.05859,0.14789,-0.12139,-0.02797,-0.12176,-0.37648,
-0.11733,-0.64319,-0.36583,-0.26529,0.18618,-0.28527,-0.29091,-0.06268,0.22273,-0.09554,-0.24865,0.03756,0.07682,-0.14938,-0.43074,0.56993,0.28843,0.2925,-0.08186,-0.04598,-0.12176,-0.37648,
-0.10167,-0.64599,-0.34353,-0.22851,0.21819,-0.27377,-0.3376,-0.01582,0.22786,-0.06077,-0.24257,0.07747,0.12767,-0.14889,-0.42597,0.54033,0.30405,0.27706,-0.11175,-0.06797,-0.12176,-0.37648,
-0.05475,-0.66613,-0.25145,-0.21478,0.18648,-0.29442,-0.32455,0.00605,0.25753,-0.08747,-0.24898,0.0329,0.13984,-0.17343,-0.26749,0.7123,0.34116,0.29257,-0.06842,-0.069,-0.08516,-0.41308,
-0.03497,-0.69794,-0.21854,-0.24503,0.16015,-0.29137,-0.27931,-0.03297,0.27763,-0.08245,-0.20388,0.22084,0.25578,-0.02297,-0.25254,0.75914,0.34353,0.2772,-0.09152,-0.04559,-0.02727,-0.4212,
-0.00499,-0.68555,-0.20798,-0.25701,0.13798,-0.28241,-0.24365,-0.01769,0.32062,-0.03694,-0.21904,0.23073,0.30259,-0.03622,-0.28172,0.74571,0.36228,0.54715,-0.05493,-0.05915,-0.02727,-0.4212,
-0.01728,-0.68088,-0.16308,-0.24849,0.14373,-0.28101,-0.24093,-0.06284,0.27341,-0.07613,-0.14841,0.23424,0.19156,0.00768,-0.25078,0.78474,0.37256,0.51084,-0.09372,-0.06482,-0.02727,-0.4212,
-0.06471,-0.66219,-0.13313,-0.26307,0.0886,-0.26629,-0.2136,-0.02171,0.31142,-0.06872,-0.20953,0.19399,0.19153,-0.02979,-0.1954,0.63297,0.3417,0.50837,-0.08739,-0.02459,-0.10227,-0.45084,
-0.06309,-0.68276,-0.16299,-0.22608,0.06149,-0.22151,-0.24538,-0.04753,0.12122,-0.09193,-0.25287,0.22059,0.18067,-0.04461,-0.1937,0.65688,0.21802,0.38518,-0.06197,-0.04366,-0.12176,-0.37648,
-0.06395,-0.64729,-0.20808,-0.25875,0.01338,-0.24195,-0.27045,-0.07019,0.12008,-0.08622,-0.29189,0.17446,0.19974,-0.0318,-0.14896,0.65811,0.22551,0.33843,-0.01202,-0.0541,-0.12176,-0.37648,
-0.05863,-0.63155,-0.22253,-0.2206,0.05637,-0.27147,-0.31412,-0.04384,0.0833,-0.13142,-0.32048,0.18539,0.1951,0.01506,-0.13879,0.66821,0.20389,0.30818,0.00972,-0.03166,-0.12176,-0.37648,
-0.08425,-0.60837,-0.19032,-0.26165,0.01556,-0.31387,-0.32851,-0.05246,0.06258,-0.09229,-0.34426,0.16155,0.19482,0.06025,-0.14697,0.63459,0.16636,0.31361,0.03844,-0.04502,-0.12176,-0.37648,
-0.1128,-0.59347,-0.2146,-0.25184,-0.02143,-0.28141,-0.29552,-0.00381,0.05535,-0.09768,-0.31813,0.15507,0.19085,0.05575,-0.16956,0.65563,0.15686,0.31042,-0.01,-0.00569,-0.12176,-0.37648,
-0.08495,-0.59199,-0.24347,-0.22018,0.01652,-0.26578,-0.32186,-0.02534,0.01275,-0.10432,-0.29342,0.10539,0.15278,0.01188,-0.14231,0.65315,0.20118,0.35598,-0.02612,-0.04552,-0.12176,-0.37648,
-0.10962,-0.56546,-0.24406,-0.23839,-0.02882,-0.26365,-0.34742,0.00226,-0.02559,-0.10285,-0.27059,0.11348,0.13474,0.01322,-0.13793,0.66206,0.21028,0.39022,-0.00786,-0.07042,-0.08516,-0.41308,
-0.12714,-0.56122,-0.25745,-0.22117,-0.0287,-0.31039,-0.33851,-0.03556,-0.05384,-0.11971,-0.30903,0.14209,0.09546,-0.00263,-0.24982,0.66572,0.22154,0.34708,0.01534,-0.09535,-0.02727,-0.4212,
-0.08791,-0.60422,-0.26204,-0.22493,-0.0724,-0.34146,-0.34478,-0.02686,-0.01733,-0.16739,-0.31514,0.14435,0.1066,-0.01492,-0.27868,0.63971,0.15716,0.4234,-0.02639,-0.13081,-0.02727,-0.4212,
-0.07507,-0.58255,-0.24024,-0.24413,-0.07831,-0.32951,-0.35187,-0.01668,-0.03846,-0.17809,-0.27195,0.13134,0.1766,0.12612,-0.31634,0.59468,0.11282,0.45243,-0.0696,-0.16409,-0.02727,-0.4212,
-0.07545,-0.55727,-0.24142,-0.26106,-0.04271,-0.30034,-0.33212,-0.03473,-0.06197,-0.14191,-0.28548,0.1761,0.17928,0.13255,-0.27586,0.555,0.11822,0.49806,-0.04344,-0.13531,-0.02727,-0.4212,
-0.05298,-0.60968,-0.23372,-0.2428,0.0859,-0.2409,-0.31758,-0.05513,-0.0461,-0.17042,-0.24824,0.23448,0.19718,0.11785,-0.29495,0.54898,0.06886,0.46268,0.00055,-0.10287,-0.02727,-0.4212,
-0.0641,-0.66245,-0.25067,-0.2342,0.07693,-0.23179,-0.31797,-0.05534,-0.01215,-0.21548,-0.25857,0.22002,0.17369,0.27557,-0.34298,0.56533,0.0342,0.45148,0.03123,-0.06795,-0.02727,-0.4212,
-0.05712,-0.66832,-0.21609,-0.25016,0.0807,-0.2167,-0.32582,-0.04877,0.14143,-0.06882,-0.24666,0.22251,0.12678,0.27512,-0.35668,0.55937,0.17506,0.68055,0.04137,-0.07087,-0.02727,-0.4212,
0.05557,-0.66832,-0.16899,-0.2091,0.08983,-0.22028,-0.34278,-0.04435,0.12643,-0.07402,-0.26483,0.23233,0.153,0.23776,-0.34412,0.54523,0.12537,0.70034,-0.00294,-0.05135,0.01899,-0.46074,
0.07585,-0.63764,-0.23041,-0.24701,0.10229,-0.18441,-0.34381,-0.05109,0.07803,-0.04847,-0.26804,0.27536,0.14109,0.25706,-0.34206,0.52969,0.13843,0.73219,0.01355,-0.08507,0.03992,-0.38968,
0.03925,-0.65768,-0.2704,-0.21807,0.06442,-0.23526,-0.31708,-0.09428,-0.1947,-0.3488,-0.24666,0.30163,0.10382,0.23902,-0.31004,0.54309,0.13563,0.76514,0.0404,-0.08007,0.03992,-0.38968,
0.04388,-0.65909,-0.30525,-0.20531,-0.08225,-0.42287,-0.33991,-0.09438,-0.22538,-0.393,-0.27401,0.33521,0.112,0.19294,-0.30386,0.55237,0.1526,0.7947,0.00977,-0.11505,0.03992,-0.38968,
0.041,-0.63917,-0.32677,-0.38172,-0.07039,-0.42103,-0.36099,-0.0909,-0.26398,-0.37209,-0.22675,0.33654,0.08686,0.19485,-0.29317,0.56033,0.18872,0.82118,-0.0181,-0.10015,-0.01688,-0.51008,
0.00938,-0.62537,-0.29599,-0.4125,-0.07592,-0.39947,-0.34567,-0.0965,-0.22016,-0.37272,-0.19944,0.36267,0.14835,0.2212,-0.23527,0.69011,0.30577,0.71548,-0.05779,-0.12357,-0.0311,-0.5401,
-0.02478,-0.65168,-0.26702,-0.45979,-0.08973,-0.39972,-0.3204,-0.10907,-0.25609,-0.38043,-0.17786,0.33516,0.14881,0.23365,-0.23585,0.69075,0.32198,0.73664,-0.0193,-0.10374,-0.0311,-0.5401,
0.00814,-0.60349,-0.2283,-0.41441,-0.13087,-0.44074,-0.33369,-0.16262,-0.26699,-0.38319,-0.17468,0.33439,0.17648,0.20115,-0.23817,0.67233,0.35048,0.72445,-0.03626,-0.06319,-0.0311,-0.5401,
-0.01636,-0.56687,-0.22317,-0.38902,-0.16908,-0.40634,-0.33864,-0.1805,-0.31429,-0.38643,-0.16589,0.33273,0.14026,0.22974,-0.2195,0.68796,0.36689,0.73697,-0.03781,-0.06247,-0.0311,-0.5401,
0.00279,-0.56786,-0.2554,-0.39446,-0.12806,-0.39897,-0.35447,-0.16229,-0.36355,-0.38341,-0.12905,0.31573,0.14461,0.25309,-0.11217,0.73032,0.40252,0.78606,-0.02994,-0.0839,-0.0311,-0.5401,
-0.04429,-0.6,-0.22843,-0.42749,0.10324,-0.26815,-0.3436,-0.16576,0.1654,-0.01195,-0.13232,0.29426,-0.03526,0.25182,-0.11634,0.72624,0.43533,0.77322,-0.05016,-0.11158,-0.0311,-0.5401,
-0.03299,-0.57409,-0.24619,-0.38007,0.24953,-0.29137,-0.33607,-0.12945,0.40683,0.05712,-0.13998,0.29901,-0.01275,0.24884,-0.10614,0.76873,0.42058,0.73415,-0.08754,-0.10183,-0.0311,-0.5401,
-0.03635,-0.59548,-0.24753,-0.33377,0.23949,-0.28377,-0.38065,-0.13084,0.42379,0.06574,-0.17955,0.25669,0.12604,0.30758,-0.11087,0.79307,0.31361,0.75445,-0.0498,-0.08556,-0.0311,-0.5401,
-0.05916,-0.62457,-0.28833,-0.32402,0.20404,-0.31261,-0.31913,-0.0527,0.37593,-0.05044,-0.15412,0.25065,0.15627,0.25511,-0.11531,0.80664,0.29316,0.73796,-0.02921,-0.08744,-0.0311,-0.5401,
-0.10438,-0.59186,-0.25011,-0.29343,0.16774,-0.32336,-0.3308,-0.07428,0.3408,-0.06815,-0.20388,0.25469,0.18257,0.26946,-0.2844,0.71023,0.29416,0.7402,-0.07264,-0.10004,-0.0311,-0.5401,
-0.06148,-0.56458,-0.26313,-0.26117,0.18267,-0.32148,-0.36614,-0.05826,0.1391,-0.11703,-0.14104,0.24415,0.15591,0.24228,-0.25179,0.7014,0.28135,0.76025,-0.09351,-0.0784,-0.0311,-0.5401,
-0.07314,-0.57362,-0.18278,-0.3045,0.06079,-0.31733,-0.0821,-0.09506,0.14595,-0.14267,0.05355,0.20529,-0.02788,0.23813,-0.09358,0.74129,0.10801,0.76866,-0.11807,-0.04791,-0.0311,-0.5401,
-0.05639,-0.64178,-0.07789,-0.27287,0.08302,-0.29173,-0.06813,-0.13973,0.1314,-0.16264,0.06797,0.25469,-0.03171,0.25729,-0.06694,0.77817,0.1009,0.68285,-0.16047,-0.09021,-0.0311,-0.5401,
-0.01829,-0.62357,-0.06218,-0.2299,0.08599,-0.26084,-0.09307,-0.14862,0.0875,-0.14795,0.05288,0.21974,-0.05734,0.24967,-0.02486,0.775,0.13203,0.70218,-0.15077,-0.12957,-0.0311,-0.5401,
-0.04176,-0.66985,-0.07411,-0.20315,0.07211,-0.26366,-0.07679,-0.1695,0.09694,-0.12375,0.04416,0.26058,0.16254,0.23433,-0.12156,0.77399,0.26033,0.67915,-0.1598,-0.16871,-0.0311,-0.5401,
-0.05494,-0.67001,-0.028,-0.23794,0.0574,-0.22263,-0.15825,-0.05971,0.13519,-0.10963,0.09359,0.30538,0.17418,0.26386,-0.10143,0.77142,0.30205,0.63559,-0.1821,-0.14072,-0.0311,-0.5401,
-0.0568,-0.6899,0.01563,-0.27943,0.07273,-0.24508,-0.16252,-0.06371,0.1126,-0.07773,0.13324,0.33606,0.14004,0.24651,-0.10425,0.77203,0.28667,0.59062,-0.17349,-0.17222,-0.0311,-0.5401,
-0.04367,-0.69321,-0.00594,-0.28221,0.08031,-0.2617,-0.15556,-0.06687,-0.2259,-0.0537,0.10331,0.35316,-0.04063,0.25676,-0.06785,0.78682,0.10691,0.7152,-0.20211,-0.12475,0.0094,-0.5136,
0.00571,-0.68789,-0.1912,-0.28715,0.04849,-0.31048,-0.15044,-0.03651,-0.2438,-0.07017,0.08485,0.31298,-0.07297,0.25021,-0.11236,0.80351,0.08449,0.73107,-0.24465,-0.09436,-0.01688,-0.51008,
-0.01558,-0.67247,-0.20974,-0.296,0.03163,-0.26386,-0.33695,-0.07051,-0.23153,-0.10208,-0.07136,0.35137,-0.0484,0.29839,-0.10894,0.79196,0.11657,0.72761,-0.28163,-0.13389,-0.0311,-0.5401,
-0.00673,-0.70173,-0.24743,-0.34191,0.00956,-0.29733,-0.34329,-0.0576,-0.23093,-0.05499,-0.0533,0.3254,-0.04488,0.33315,-0.10987,0.76728,-0.05237,0.62649,-0.28963,-0.08782,-0.0311,-0.5401,
0.0072,-0.67312,-0.25033,-0.38779,-0.08569,-0.41115,-0.32871,-0.07105,-0.25092,-0.09589,-0.06254,0.37099,-0.0708,0.29396,-0.08406,0.79191,-0.06554,0.64126,-0.2536,-0.12029,-0.0311,-0.5401,
0.02355,-0.71362,-0.27381,-0.37597,-0.07593,-0.40186,-0.3498,-0.04901,-0.29525,-0.27229,-0.06035,0.3567,-0.11013,0.29334,-0.10527,0.7693,-0.08723,0.66923,-0.26256,-0.08139,-0.0311,-0.5401,
-0.06728,-0.67359,-0.29999,-0.37808,-0.06292,-0.41196,-0.41739,-0.32843,-0.28567,-0.25966,-0.06113,0.30242,-0.19272,0.14241,-0.05616,0.7725,-0.10882,0.64491,-0.23471,-0.07354,-0.0311,-0.5401,
-0.0682,-0.67545,-0.30694,-0.39478,-0.05372,-0.42179,-0.43437,-0.35735,-0.31448,-0.27849,-0.08479,0.29719,-0.17427,0.12158,-0.0694,0.74628,-0.13611,0.64544,-0.2448,-0.11593,-0.0311,-0.5401,
-0.08949,-0.68534,-0.28698,-0.41776,-0.0784,-0.40992,-0.39563,-0.35978,-0.35477,-0.31361,-0.07212,0.30242,-0.17504,0.10765,-0.10793,0.71579,-0.14085,0.68956,-0.27102,-0.07927,-0.0311,-0.5401,
-0.06562,-0.72226,-0.31224,-0.46364,-0.08039,-0.40728,-0.43776,-0.37178,-0.3562,-0.28621,-0.10128,0.28555,-0.20626,0.10404,-0.08871,0.66679,-0.1773,0.64224,-0.31996,-0.07407,-0.0311,-0.5401,
-0.0646,-0.69229,-0.3526,-0.48305,-0.1138,-0.37804,-0.45639,-0.37359,-0.3673,-0.27086,-0.10105,0.2861,-0.24712,0.05656,-0.09009,0.7046,-0.16179,0.60243,-0.28604,-0.08742,-0.0311,-0.5401,
-0.08155,-0.64567,-0.38753,-0.46492,-0.12774,-0.37639,-0.23325,-0.61037,-0.3344,-0.27329,-0.10744,0.29632,-0.20851,0.08671,-0.07975,0.68213,-0.12917,0.59637,-0.26972,-0.12355,-0.0307,-0.50405,
-0.11891,-0.65737,-0.43136,-0.47237,-0.11201,-0.38204,-0.24605,-0.58702,-0.06098,-0.61098,-0.13816,0.2923,-0.21733,0.08996,-0.25676,0.66996,-0.17626,0.60947,-0.30948,-0.14429,-0.02727,-0.4212,
-0.19172,-0.62456,-0.41283,-0.46265,-0.10254,-0.38652,-0.22105,-0.56388,-0.05828,-0.6464,-0.1629,0.26731,-0.16954,0.05618,-0.27339,0.69722,-0.16063,0.62403,-0.32903,-0.18801,-0.10227,-0.45084,
-0.36445,-0.49192,-0.41345,-0.41889,-0.08309,-0.39204,-0.23816,-0.56716,-0.03359,-0.57704,-0.14459,0.25346,-0.19072,0.10129,-0.28217,0.68586,-0.20261,0.5776,-0.32641,-0.23786,-0.22536,-0.34673,
-0.3402,-0.48523,-0.37466,-0.4531,-0.06411,-0.37219,-0.27155,-0.55314,-0.03962,-0.54339,-0.1461,0.25476,-0.19052,0.13488,-0.39933,0.51536,-0.23849,0.55369,-0.3199,-0.22111,-0.17479,-0.3304,
-0.30467,-0.48411,-0.40772,-0.42398,-0.0431,-0.36592,-0.26345,-0.51893,-0.05885,-0.575,-0.20889,0.19547,-0.173,0.12193,-0.40733,0.52994,-0.23347,0.60356,-0.32665,-0.239,-0.12176,-0.37648,
-0.25946,-0.48228,-0.36639,-0.43627,-0.05438,-0.33199,-0.2819,-0.48417,-0.03866,-0.57206,-0.23686,0.16935,-0.13131,0.11469,-0.41254,0.53863,-0.01767,0.59226,-0.29501,-0.26282,-0.12176,-0.37648,
-0.26357,-0.48897,-0.25078,-0.5556,-0.04104,-0.33614,-0.27542,-0.49192,-0.07919,-0.56441,-0.13678,0.31461,-0.15331,0.11801,-0.4024,0.52649,0.03309,0.42179,-0.29275,-0.23662,-0.12176,-0.37648,
-0.3068,-0.46186,-0.24326,-0.53358,-0.08464,-0.33025,-0.27359,-0.49502,-0.12966,-0.54433,-0.15127,0.3147,-0.13659,0.10965,-0.39709,0.53682,0.07724,0.40385,-0.29333,-0.26225,-0.12176,-0.37648,
-0.32178,-0.50704,-0.22497,-0.50561,-0.04696,-0.33627,-0.31249,-0.48974,-0.2669,-0.22863,-0.11699,0.33952,-0.16588,0.11478,-0.35165,0.52633,0.08271,0.42299,-0.34077,-0.30937,-0.12176,-0.37648,
-0.17271,-0.61528,-0.26528,-0.51538,-0.08693,-0.34489,-0.30496,-0.49181,-0.21005,-0.20725,0.06498,0.24865,-0.1523,0.10812,-0.31392,0.5168,0.11631,0.41165,-0.31417,-0.33122,-0.08516,-0.41308,
-0.07173,-0.5249,-0.20083,-0.44606,-0.07391,-0.32118,-0.23388,-0.58378,-0.19099,-0.23168,0.1119,0.29,-0.1725,0.1264,-0.30892,0.48635,0.08978,0.43453,-0.30769,-0.31784,0.01899,-0.46074,
-0.07079,-0.50993,-0.2039,-0.45108,-0.05154,-0.35489,-0.20076,-0.61573,-0.18249,-0.2309,0.08344,0.27153,-0.18249,0.15181,-0.26456,0.45807,0.11561,0.42517,-0.31461,-0.27694,0.03992,-0.38968,
0.18732,-0.58926,-0.0425,-0.31999,0.04501,-0.36899,-0.18528,-0.56128,0.16525,-0.19869,0.10709,0.23374,-0.01084,0.31369,-0.31069,0.47298,-0.03949,0.50025,-0.35765,-0.28492,0.10272,-0.42213,
0.18558,-0.63002,-0.04296,-0.32597,0.06154,-0.34015,-0.2017,-0.55262,0.1499,-0.18413,-0.14008,0.27128,0.10751,0.33,-0.11336,0.68199,-0.01467,0.51438,-0.40219,-0.25394,0.1324,-0.36368,
0.184,-0.6243,0.0058,-0.31589,0.05684,-0.36796,-0.16392,-0.55365,0.12087,-0.2615,-0.14597,0.31508,0.11313,0.29635,-0.11207,0.70647,0.0334,0.54233,-0.43934,-0.29593,0.1324,-0.36368,
0.22457,-0.57867,0.02186,-0.30472,0.10664,-0.37364,-0.02626,-0.25142,0.09903,-0.2614,-0.14709,0.31772,0.14214,0.26092,-0.06376,0.74358,0.07165,0.5734,-0.47437,-0.30761,0.1324,-0.36368,
0.24771,-0.5789,0.04948,-0.37863,0.14372,-0.51864,-0.02418,-0.2792,0.10037,-0.27178,-0.15839,0.31331,0.15546,0.2426,-0.10998,0.65725,0.0964,0.41178,-0.5235,-0.33099,0.1324,-0.36368,
0.2444,-0.59569,0.02222,-0.40948,0.17988,-0.50746,-0.10352,-0.27085,0.08701,-0.30024,-0.12797,0.27962,0.18316,0.21904,-0.13441,0.64092,0.08994,0.43275,-0.52755,-0.35373,0.1324,-0.36368,
0.1757,-0.63324,-0.21434,-0.32367,0.02599,-0.36436,-0.35913,-0.15657,0.06589,-0.2808,-0.0516,0.33144,0.14519,0.20262,-0.11318,0.68197,0.10259,0.42441,-0.55346,-0.39274,0.09115,-0.42543,
0.16357,-0.60476,-0.22528,-0.28869,0.12951,-0.28081,-0.37297,-0.11817,0.06432,-0.26169,-0.06367,0.37584,0.15266,0.25707,-0.10415,0.67445,-0.05682,0.51077,-0.56757,-0.35669,0.03992,-0.38968,
0.15596,-0.60152,-0.21577,-0.26282,0.1582,-0.24593,-0.35076,-0.07468,0.03155,-0.24102,-0.06037,0.34734,0.08785,0.34909,-0.10594,0.67492,-0.03209,0.64481,-0.52661,-0.40464,0.03992,-0.38968,
0.11493,-0.63797,-0.22905,-0.28676,0.12445,-0.25998,-0.34455,-0.04788,0.00431,-0.25249,-0.05673,0.33568,0.09836,0.35263,-0.10715,0.67649,-0.035,0.63024,-0.56736,-0.38786,0.03992,-0.38968,
0.16021,-0.67262,-0.20521,-0.303,0.24265,-0.27334,-0.36012,-0.013,0.1534,-0.06325,-0.0608,0.35456,0.08713,0.33067,-0.1115,0.70119,0.14061,0.73059,-0.56501,-0.34576,0.03992,-0.38968,
0.19009,-0.7042,-0.22646,-0.243,0.23294,-0.28814,-0.35196,0.02359,0.11834,-0.03114,-0.0606,0.37409,0.03976,0.35681,-0.07403,0.73179,0.12089,0.71307,-0.5317,-0.3265,0.03992,-0.38968,
0.1878,-0.68062,-0.16137,-0.28395,0.24949,-0.27462,-0.36217,0.0035,0.22017,-0.11295,-0.01683,0.38965,0.03914,0.33514,-0.09204,0.70763,0.09141,0.70191,-0.52331,-0.35113,0.03992,-0.38968,
0.2076,-0.72177,-0.13625,-0.29154,0.22913,-0.30463,-0.326,0.02349,0.25191,-0.10978,-0.03176,0.43235,0.01156,0.31507,-0.04734,0.70651,0.07219,0.72502,-0.48894,-0.30272,0.03992,-0.38968,
0.1988,-0.69264,-0.13391,-0.27937,0.26063,-0.35089,-0.32772,0.0606,0.26901,-0.11084,-0.16617,0.32194,0.03661,0.34094,-0.04984,0.66241,-0.0913,0.6461,-0.52474,-0.33595,0.03992,-0.38968,
0.20923,-0.71518,-0.10865,-0.26945,0.25749,-0.38067,-0.31916,0.05892,0.30462,-0.12866,-0.18311,0.35333,0.05179,0.34511,-0.11999,0.73099,-0.08571,0.7068,-0.55645,-0.28945,0.03992,-0.38968,
0.18898,-0.68405,-0.1088,-0.26686,0.30236,-0.34981,-0.3163,0.02613,0.26864,-0.08674,-0.17127,0.34222,0.01348,0.39175,-0.1259,0.72686,-0.07913,0.73994,-0.54639,-0.31602,0.03992,-0.38968,
0.19491,-0.68167,-0.09945,-0.25951,0.28337,-0.35953,-0.32969,-0.01483,0.23637,-0.05663,-0.12403,0.36391,0.04982,0.36453,-0.17153,0.72713,-0.05751,0.77736,-0.59112,-0.33749,0.03992,-0.38968,
0.1714,-0.6466,-0.18262,-0.28323,0.23915,-0.26797,-0.25429,-0.08952,0.25451,-0.01311,-0.15384,0.38142,0.10083,0.33039,-0.13639,0.68576,0.13477,0.76343,-0.58492,-0.3632,0.03992,-0.38968,
0.19022,-0.67498,-0.21893,-0.2609,0.2006,-0.30367,-0.28655,-0.08002,0.28654,0.0014,-0.15688,0.40687,0.14014,0.38003,-0.13038,0.67303,0.17049,0.72258,-0.55217,-0.37248,0.03992,-0.38968,
0.19832,-0.69068,-0.22551,-0.25285,0.20085,-0.30457,-0.27207,-0.07869,0.27065,-0.01057,-0.14911,0.4396,0.17309,0.37367,-0.12369,0.68008,0.15581,0.71935,-0.58233,-0.37504,0.03992,-0.38968,
0.03303,-0.67761,-0.26238,-0.2653,0.07379,-0.29199,-0.33179,-0.09509,-0.2348,-0.02891,-0.09917,0.2827,0.21093,0.38642,0.03572,0.63074,0.13217,0.75844,-0.59409,-0.39246,-0.01688,-0.51008,
-0.06121,-0.66908,-0.24089,-0.24151,0.07364,-0.26413,-0.3561,-0.1054,-0.25183,-0.04024,-0.09468,0.29222,0.26031,0.3582,0.02046,0.61063,0.12927,0.74962,-0.58383,-0.39839,-0.0311,-0.5401,
-0.06697,-0.69961,-0.19867,-0.27466,0.05726,-0.24006,-0.38894,-0.06854,-0.29373,-0.03872,-0.04754,0.30938,0.29989,0.39904,0.06531,0.64251,0.1355,0.72965,-0.60499,-0.40641,-0.0311,-0.5401,
-0.08596,-0.70013,-0.18732,-0.29843,0.07395,-0.28472,-0.40802,-0.05539,-0.18743,-0.08095,-0.05893,0.3406,0.26864,0.36073,0.03708,0.62923,0.13964,0.7168,-0.55505,-0.43252,-0.0307,-0.50405,
-0.10405,-0.67175,-0.19875,-0.27882,0.07102,-0.34178,-0.45275,-0.02413,-0.17807,-0.08962,-0.05723,0.33528,0.23857,0.32945,0.06705,0.6571,0.13708,0.69607,-0.53979,-0.40052,-0.02727,-0.4212,
-0.15107,-0.71981,-0.18617,-0.28415,0.08721,-0.34406,-0.45034,-0.011,-0.1741,-0.12792,-0.04077,0.37581,0.25563,0.31173,0.10441,0.68965,0.13543,0.69866,-0.50883,-0.39002,-0.02727,-0.4212,
-0.05621,-0.70562,-0.2211,-0.31713,0.23956,-0.30243,-0.31014,-0.1196,0.17345,-0.17304,-0.05412,0.3067,0.28171,0.29794,0.15269,0.66858,0.12031,0.74027,-0.55089,-0.39275,-0.02727,-0.4212,
-0.05787,-0.66494,-0.25582,-0.36319,0.23013,-0.32335,-0.31819,-0.10682,0.17832,-0.12626,-0.09641,0.29318,0.23183,0.28154,0.17382,0.7105,0.11959,0.77368,-0.56724,-0.37681,-0.02727,-0.4212,
-0.02529,-0.65259,-0.24239,-0.32274,0.27521,-0.32486,-0.27383,-0.11358,0.18425,-0.09561,-0.10622,0.25609,0.19803,0.26192,0.14859,0.719,0.1339,0.74347,-0.56922,-0.37474,-0.02727,-0.4212,
0.00678,-0.69352,-0.25479,-0.27474,0.24942,-0.3257,-0.28042,-0.13944,0.19408,-0.04596,-0.05425,0.32714,0.18237,0.26847,0.13932,0.70362,0.16849,0.69566,-0.58398,-0.36621,-0.02727,-0.4212,
0.02171,-0.70225,-0.2953,-0.38183,0.24263,-0.26016,-0.27485,-0.13229,0.17895,0.00121,-0.05209,0.3302,0.19965,0.27542,0.17208,0.68652,0.1994,0.65327,-0.60408,-0.35591,-0.02727,-0.4212,
-0.00615,-0.74069,-0.30041,-0.40855,0.22196,-0.25993,-0.26196,-0.10101,0.15863,0.00418,-0.02187,0.3733,0.13092,0.26486,0.22175,0.65051,0.12184,0.70797,-0.58256,-0.38236,-0.02727,-0.4212,
-0.02024,-0.74883,-0.27263,-0.38224,0.24524,-0.27284,-0.12987,-0.30797,0.25644,-0.10623,-0.04912,0.41913,0.07867,0.33017,0.0883,0.71764,0.08809,0.72642,-0.55444,-0.39446,-0.02727,-0.4212,
0.00622,-0.75329,-0.32146,-0.36195,0.3025,-0.39592,-0.10988,-0.29661,0.21119,-0.1491,-0.16125,0.31721,0.03075,0.32149,0.06608,0.71629,0.07772,0.76367,-0.55921,-0.35025,-0.02727,-0.4212,
-0.00734,-0.71124,-0.3413,-0.37918,0.33103,-0.40853,-0.11131,-0.28513,0.23795,-0.11528,-0.17314,0.32144,0.01885,0.31737,0.05091,0.73622,0.11948,0.76178,-0.51051,-0.33997,-0.02727,-0.4212,
-0.00094,-0.67854,-0.32099,-0.37104,0.29392,-0.40069,-0.12495,-0.28982,0.26972,-0.09043,-0.21416,0.32144,0.03379,0.34563,0.00525,0.76221,0.10313,0.78505,-0.52251,-0.37111,-0.02727,-0.4212,
-0.0459,-0.71277,-0.31199,-0.37089,0.32973,-0.39508,-0.13818,-0.29149,0.31365,-0.07083,-0.172,0.30017,0.01403,0.38013,0.03478,0.80229,0.11107,0.83408,-0.53413,-0.36274,-0.02727,-0.4212,
-0.01789,-0.70265,-0.32586,-0.36374,0.35437,-0.39326,-0.14732,-0.30375,0.35411,-0.11823,-0.2071,0.28801,0.04624,0.39277,0.0191,0.83597,0.11881,0.8228,-0.51696,-0.37244,-0.02727,-0.4212,
0.00867,-0.75146,-0.31367,-0.37073,0.38792,-0.41263,-0.13584,-0.28808,0.35943,-0.13853,-0.17121,0.27204,0.05136,0.34465,-0.02336,0.80503,0.12276,0.8014,-0.51117,-0.32593,-0.02727,-0.4212,
0.04366,-0.77723,-0.26961,-0.38391,0.36985,-0.3939,-0.15071,-0.30726,0.3705,-0.14261,-0.17551,0.25243,0.07637,0.32986,-0.11794,0.6624,0.11824,0.7707,-0.491,-0.31751,-0.02727,-0.4212,
0.04988,-0.75985,-0.24118,-0.4333,0.41784,-0.41591,-0.18598,-0.29254,0.3287,-0.17723,-0.20573,0.20108,0.03351,0.31757,-0.11669,0.66248,0.09924,0.76033,-0.53807,-0.34393,-0.02727,-0.4212,
0.01918,-0.71401,-0.1996,-0.2525,0.37374,-0.36933,-0.0628,-0.2058,0.14971,-0.13632,-0.18296,0.16819,0.10008,0.34089,-0.2359,0.65043,0.1338,0.79349,-0.49466,-0.35625,0.01899,-0.46074,
0.02295,-0.73352,-0.19658,-0.26966,0.32729,-0.37876,-0.01796,-0.22379,0.09885,-0.26726,-0.19835,0.20532,0.1057,0.35093,-0.2695,0.61971,0.13812,0.79466,-0.54458,-0.36196,0.03992,-0.38968,
0.02263,-0.74503,-0.20679,-0.23033,0.34185,-0.37552,-0.0863,-0.18483,0.13031,-0.25274,-0.20208,0.21056,0.1104,0.38429,-0.24162,0.66289,0.18165,0.77128,-0.55416,-0.34149,0.03992,-0.38968,
0.04947,-0.68712,-0.16532,-0.23458,0.29778,-0.37101,-0.092,-0.20441,0.10273,-0.2695,-0.24321,0.22388,0.10776,0.37334,-0.26369,0.69409,0.14064,0.81994,-0.51374,-0.36002,0.03992,-0.38968,
0.04056,-0.65063,-0.13735,-0.26989,0.3422,-0.38116,-0.09194,-0.18076,0.26747,-0.47077,-0.29078,0.26604,0.07208,0.39375,-0.23813,0.6492,0.18193,0.82161,-0.5076,-0.3354,0.03992,-0.38968,
0.03886,-0.6527,-0.20377,-0.26605,0.38635,-0.33274,-0.33012,-0.36413,0.23754,-0.50139,-0.29346,0.24749,0.04135,0.35677,-0.24931,0.6989,0.15481,0.77969,-0.54449,-0.37916,0.02588,-0.40534,
0.00707,-0.70188,-0.18888,-0.29732,0.35804,-0.30352,-0.32311,-0.37768,0.27095,-0.47236,-0.24938,0.22348,0.03917,0.38047,-0.22749,0.67251,0.18528,0.81349,-0.56416,-0.40359,-0.02727,-0.4212,
-0.01046,-0.66948,-0.20629,-0.26608,0.38604,-0.32636,-0.34236,-0.40072,0.2485,-0.49433,-0.14949,0.3226,0.03952,0.42107,-0.24544,0.68921,0.19815,0.82402,-0.56554,-0.44851,-0.02727,-0.4212,
0.03002,-0.69412,-0.27503,-0.3948,0.33996,-0.35103,-0.38911,-0.41097,0.25091,-0.48072,-0.15779,0.32759,0.08826,0.44225,-0.2611,0.72562,0.20484,0.80474,-0.59984,-0.49247,-0.02727,-0.4212,
0.02992,-0.66742,-0.31466,-0.42014,0.33817,-0.38318,-0.35525,-0.36188,0.29747,-0.49148,-0.11843,0.34515,0.05204,0.47726,-0.24781,0.68957,0.24189,0.83052,-0.55308,-0.45894,-0.02727,-0.4212,
0.00882,-0.68386,-0.35934,-0.43442,0.36789,-0.39066,-0.34552,-0.35357,0.30168,-0.50479,-0.09331,0.30268,0.03748,0.42988,-0.2507,0.6997,0.23848,0.79129,-0.56014,-0.41694,-0.02727,-0.4212,
-0.03157,-0.65033,-0.36172,-0.40335,0.39031,-0.38006,-0.31372,-0.3947,0.25365,-0.50326,-0.06478,0.33584,0.07733,0.44373,-0.22032,0.71085,0.10727,0.78939,-0.53067,-0.43534,-0.02727,-0.4212,
0.00424,-0.67013,-0.33488,-0.37417,0.43347,-0.39841,-0.30591,-0.3787,0.2866,-0.45527,-0.06729,0.37135,0.07279,0.39958,-0.25289,0.69401,0.07433,0.78681,-0.52032,-0.41234,-0.02727,-0.4212,
-0.01542,-0.64974,-0.30501,-0.37945,0.38455,-0.42379,-0.2746,-0.41563,0.37744,-0.40219,-0.07235,0.417,0.02421,0.40431,-0.2683,0.71072,0.12382,0.79559,-0.53843,-0.39874,-0.02727,-0.4212,
-0.04649,-0.62175,-0.30438,-0.39554,0.43402,-0.38604,-0.3182,-0.37619,0.37893,-0.40474,-0.10176,0.451,0.00855,0.44705,-0.23514,0.71208,0.08499,0.74756,-0.50035,-0.38196,-0.02727,-0.4212,
-0.01883,-0.65582,-0.30842,-0.37614,0.45419,-0.37431,-0.31225,-0.38172,0.37567,-0.38916,-0.1313,0.40969,-0.03415,0.47257,-0.2628,0.74019,0.09975,0.71933,-0.47219,-0.37175,-0.02727,-0.4212,
-0.055,-0.64123,-0.33628,-0.3839,0.45314,-0.38613,-0.30028,-0.39546,0.39647,-0.37955,-0.10198,0.41294,-0.06754,0.44898,-0.21369,0.71045,0.12202,0.72406,-0.48202,-0.40745,-0.02727,-0.4212,
-0.04394,-0.59651,-0.32363,-0.3602,0.4546,-0.38659,-0.28539,-0.4293,0.41075,-0.35686,-0.06787,0.4026,-0.116,0.43108,-0.16873,0.66635,0.08999,0.72929,-0.47585,-0.39747,-0.02727,-0.4212,
-0.05348,-0.61863,-0.34058,-0.39139,0.47776,-0.40337,-0.29442,-0.46751,0.41758,-0.38537,-0.07586,0.452,-0.09417,0.42823,-0.16593,0.67491,0.05479,0.74342,-0.44449,-0.42653,-0.02727,-0.4212,
-0.05089,-0.63012,-0.38083,-0.38241,0.4333,-0.37551,-0.28634,-0.43883,0.39009,-0.36792,-0.08996,0.48556,-0.04859,0.41655,-0.21454,0.66487,0.10374,0.70621,-0.47651,-0.3982,-0.02727,-0.4212,
-0.05756,-0.61812,-0.36293,-0.38629,0.39614,-0.41318,-0.28886,-0.42977,0.40416,-0.36355,-0.11741,0.43925,-0.04065,0.45721,-0.23417,0.67876,0.08915,0.69974,-0.50783,-0.36129,-0.02727,-0.4212,
-0.06581,-0.63268,-0.38121,-0.42892,0.39632,-0.38316,-0.28156,-0.43203,0.40461,-0.36144,-0.10282,0.43388,-0.07536,0.49623,-0.22223,0.71601,0.05207,0.67671,-0.53114,-0.35362,-0.02727,-0.4212,
-0.06486,-0.67647,-0.42508,-0.4527,0.3908,-0.38093,-0.30324,-0.3959,0.44953,-0.39118,-0.08445,0.4218,-0.09917,0.51527,-0.10062,0.75382,0.13314,0.71321,-0.55761,-0.3081,-0.02727,-0.4212,
-0.06014,-0.66419,-0.41943,-0.42281,0.40849,-0.38365,-0.28835,-0.39463,0.43733,-0.43984,-0.11752,0.47111,0.13232,0.34622,-0.10518,0.75423,0.15514,0.73277,-0.547,-0.29814,-0.02727,-0.4212,
-0.06237,-0.68692,-0.39283,-0.43403,0.41171,-0.38426,-0.33669,-0.38904,0.41487,-0.42552,-0.07897,0.47108,0.15216,0.38042,-0.06974,0.73484,0.27884,0.69268,-0.56514,-0.29717,-0.02727,-0.4212,
-0.06425,-0.64949,-0.36641,-0.43168,0.42974,-0.38241,-0.35979,-0.38875,0.40427,-0.42376,-0.08848,0.29649,0.18479,0.274,-0.09407,0.76218,0.27988,0.70182,-0.52817,-0.34335,-0.02727,-0.4212,
-0.06741,-0.67623,-0.39595,-0.42962,0.4263,-0.38383,-0.34443,-0.43257,0.44608,-0.37401,-0.08017,0.26906,0.22284,0.2938,-0.1088,0.72015,0.28196,0.69673,-0.52568,-0.3429,-0.02727,-0.4212,
-0.06759,-0.67162,-0.43587,-0.4707,0.46809,-0.38375,-0.37241,-0.43042,0.42904,-0.48177,-0.09401,0.26264,0.20088,0.27846,-0.11248,0.76496,0.32812,0.67139,-0.50757,-0.33485,-0.02727,-0.4212,
-0.06889,-0.6675,-0.40618,-0.44715,0.40504,-0.38268,-0.35022,-0.47353,0.41113,-0.46505,-0.07518,0.30259,0.19518,0.26724,-0.11117,0.75133,0.35554,0.63949,-0.52416,-0.35646,-0.02727,-0.4212,
-0.06813,-0.6731,-0.37846,-0.48997,0.38405,-0.42902,-0.30277,-0.48823,0.44233,-0.46154,-0.05015,0.3051,0.15,0.22481,-0.10645,0.73934,0.3875,0.67648,-0.56032,-0.40037,-0.02727,-0.4212,
-0.05916,-0.68142,-0.33607,-0.47868,0.34372,-0.44352,-0.39659,-0.28532,0.42431,-0.41413,-0.03193,0.29012,0.18969,0.26147,-0.09604,0.72822,0.41865,0.52718,-0.56308,-0.35853,-0.02727,-0.4212,
-0.01904,-0.68094,-0.37835,-0.52118,0.32362,-0.41539,-0.37965,-0.24163,0.42005,-0.46665,-0.05253,0.24147,0.19084,0.26643,-0.10854,0.73181,0.4028,0.50996,-0.54272,-0.40501,-0.02727,-0.4212,
0.02043,-0.69363,-0.28799,-0.36011,0.32352,-0.3933,-0.40596,-0.19202,0.41553,-0.45885,-0.08133,0.27934,0.21771,0.29218,-0.10405,0.75429,0.41795,0.53293,-0.52344,-0.36154,-0.02727,-0.4212,
0.0071,-0.73349,-0.25667,-0.31677,0.24525,-0.387,-0.33864,-0.1949,0.41068,-0.46455,-0.07356,0.25661,0.21027,0.27468,-0.11089,0.73761,0.39928,0.52327,-0.57079,-0.32843,-0.02727,-0.4212,
-0.00692,-0.72367,-0.30462,-0.29703,0.21414,-0.36323,-0.31512,-0.23065,0.25186,-0.43767,-0.05405,0.2486,0.24814,0.26502,-0.11381,0.76491,0.43343,0.49783,-0.61068,-0.3459,-0.02727,-0.4212,
0.0605,-0.69442,-0.1911,-0.33539,0.16745,-0.50853,-0.07105,-0.15831,0.24598,-0.45533,-0.09688,0.21691,0.27722,0.12789,-0.10332,0.80085,0.43186,0.50825,-0.64101,-0.36389,0.01899,-0.46074,
0.04798,-0.65697,0.01473,-0.41963,0.25175,-0.36501,0.13997,-0.35152,0.21808,-0.50471,-0.09074,0.22062,0.18482,0.05685,0.05914,0.64889,0.23896,0.35886,-0.68742,-0.40602,0.03992,-0.38968,
0.04893,-0.64497,0.01313,-0.38967,0.2575,-0.3894,0.12603,-0.38258,0.21495,-0.51799,-0.07984,0.24706,0.121,0.18305,0.09913,0.65596,-0.06169,0.50009,-0.71297,-0.39381,0.03992,-0.38968,
0.04045,-0.64676,0.01952,-0.37639,0.27995,-0.40782,0.13132,-0.36962,0.40934,-0.43582,-0.08844,0.29403,0.08964,0.13824,0.0378,0.66416,-0.10312,0.4658,-0.72112,-0.37278,0.03992,-0.38968,
-0.00465,-0.60484,0.03447,-0.37385,0.29244,-0.40239,0.15454,-0.32759,0.4107,-0.42039,-0.10718,0.28836,0.08187,0.13545,0.07442,0.66552,-0.05697,0.51483,-0.7462,-0.33906,0.03992,-0.38968,
0.03514,-0.57732,0.03818,-0.36005,0.33118,-0.39638,0.13589,-0.30585,0.4384,-0.45318,-0.10387,0.24611,0.0576,0.1086,0.10522,0.65488,-0.04719,0.56073,-0.76608,-0.33697,0.02588,-0.40534,
-0.07293,-0.65662,-0.20297,-0.29417,0.32238,-0.38723,-0.13128,-0.05621,0.40369,-0.33827,-0.18432,0.1712,0.02946,0.14265,-0.0439,0.60216,-0.01442,0.64194,-0.78772,-0.31738,-0.02727,-0.4212,
-0.06178,-0.68177,-0.17946,-0.28745,0.28303,-0.3776,-0.12745,-0.05973,0.41307,-0.33216,-0.27274,0.02634,0.01911,0.18092,-0.03425,0.56393,-0.00569,0.66568,-0.74276,-0.3234,-0.10227,-0.45084,
-0.06921,-0.71104,-0.22354,-0.24893,0.26939,-0.39886,-0.14152,-0.05678,0.41821,-0.33885,-0.26863,0.0281,-0.00444,0.17984,-0.05095,0.38655,-0.02198,0.63597,-0.70073,-0.34395,-0.12176,-0.37648,
-0.06947,-0.71058,-0.24913,-0.27609,0.28551,-0.43499,-0.13865,-0.03226,0.42365,-0.36865,-0.27709,0.03462,0.02801,0.32748,-0.29197,0.36516,-0.00476,0.64193,-0.7379,-0.37264,-0.08516,-0.41308,
-0.1036,-0.7253,-0.20741,-0.27758,0.21267,-0.53277,-0.12903,-0.0483,0.38859,-0.45241,-0.25101,0.01999,0.06087,0.31982,-0.26075,0.33152,-0.02511,0.63657,-0.76638,-0.3371,-0.02727,-0.4212,
-0.12654,-0.7143,-0.18755,-0.30198,0.23259,-0.54708,-0.11582,-0.06378,0.169,-0.63914,-0.26915,0.03086,0.0789,0.32156,-0.29537,0.30322,-0.04283,0.65717,-0.75695,-0.32848,-0.02727,-0.4212,
-0.14846,-0.75347,-0.20458,-0.31057,0.24698,-0.54268,-0.1303,-0.05894,0.13925,-0.61079,-0.30572,0.0389,0.09329,0.2967,-0.29926,0.33068,-0.06129,0.66924,-0.74365,-0.32369,-0.02727,-0.4212,
-0.14884,-0.7173,-0.19715,-0.2571,0.30345,-0.3842,-0.11397,-0.05168,0.14155,-0.59419,-0.32861,0.04725,0.1205,0.28255,-0.29729,0.36861,-0.05007,0.66672,-0.69528,-0.29386,-0.02727,-0.4212,
-0.184,-0.72477,-0.17231,-0.24667,0.30758,-0.38305,-0.08838,-0.01153,0.25456,-0.3598,-0.31078,0.04992,0.0902,0.23382,-0.28109,0.32342,0.12802,0.75268,-0.66186,-0.25092,-0.02727,-0.4212,
-0.16591,-0.73175,-0.19445,-0.25526,0.30031,-0.3594,-0.0729,0.01457,0.28176,-0.385,-0.33363,0.03845,0.12027,0.27005,-0.27437,0.35207,0.13199,0.76252,-0.7103,-0.25885,-0.02727,-0.4212,
-0.13913,-0.7817,-0.21387,-0.23325,0.28814,-0.32469,-0.06435,0.0201,0.27921,-0.37644,-0.37774,0.04968,0.07227,0.26363,-0.28255,0.33896,0.17617,0.79425,-0.72419,-0.27841,-0.02727,-0.4212,
-0.15724,-0.79372,-0.19838,-0.22236,0.29005,-0.35682,-0.04963,0.05371,0.28496,-0.37114,-0.38707,0.06658,0.08111,0.27369,-0.28327,0.33165,0.15076,0.77907,-0.76484,-0.29861,-0.02727,-0.4212,
-0.19785,-0.77059,-0.19515,-0.21359,0.30257,-0.31588,-0.07443,0.02934,0.26327,-0.35839,-0.37214,0.03211,0.1065,0.28035,-0.27865,0.35354,0.13317,0.7465,-0.73327,-0.26512,-0.02727,-0.4212,
-0.23816,-0.78184,-0.15268,-0.25406,0.32121,-0.27435,0.18664,-0.30665,0.28999,-0.36506,-0.3511,0.01321,0.14205,0.25499,-0.321,0.36314,0.13066,0.78124,-0.70721,-0.23286,-0.02727,-0.4212,
-0.04825,-0.68779,-0.13594,-0.26868,0.29619,-0.23464,0.21973,-0.27517,0.23504,-0.08248,-0.38542,0.01934,0.12025,0.20811,-0.28435,0.41312,0.29204,0.69985,-0.71042,-0.25301,-0.02727,-0.4212,
-0.04797,-0.69116,-0.13651,-0.265,0.26408,-0.2485,-0.13296,-0.03022,0.39813,0.00639,-0.31589,0.06533,0.14442,0.25722,-0.27815,0.41391,0.2752,0.70927,-0.67541,-0.27696,-0.02727,-0.4212,
-0.05243,-0.69729,-0.19137,-0.27578,0.23343,-0.29232,-0.13778,-0.07788,0.38663,0.01578,-0.35381,0.08745,0.14606,0.25424,-0.26725,0.4133,0.27707,0.7053,-0.63231,-0.25585,-0.02727,-0.4212,
-0.06415,-0.7288,-0.19087,-0.27899,0.2709,-0.26626,-0.19032,-0.06044,0.41174,0.01667,-0.38361,0.08347,0.14555,0.23908,-0.27498,0.3922,0.27677,0.70993,-0.66916,-0.29897,-0.02727,-0.4212,
-0.0591,-0.68301,-0.21785,-0.25794,0.25519,-0.26739,-0.16425,-0.07979,0.44637,9e-05,-0.34979,0.07141,0.12586,0.27642,-0.23749,0.42389,0.25082,0.68037,-0.64237,-0.32218,-0.02727,-0.4212,
-0.0544,-0.67655,-0.24216,-0.23709,0.29774,-0.25261,-0.14108,-0.06064,0.45784,-0.01903,-0.3531,0.07166,0.13769,0.26529,-0.18967,0.46834,0.23834,0.66256,-0.63387,-0.30756,-0.02727,-0.4212,
-0.06143,-0.69532,-0.29191,-0.21134,0.31604,-0.24909,-0.14793,-0.07939,0.42646,-0.04968,-0.32444,0.07525,0.12365,0.26337,-0.16312,0.46494,0.2006,0.67393,-0.61909,-0.31284,-0.02727,-0.4212,
-0.0342,-0.69879,-0.30263,-0.20153,0.33413,-0.207,-0.16249,-0.05949,0.36141,-0.03185,-0.34977,0.097,0.16116,0.25016,-0.12087,0.45486,0.22272,0.70612,-0.61451,-0.30376,-0.02727,-0.4212,
-0.00215,-0.69043,-0.259,-0.22558,0.29055,-0.19501,-0.17087,-0.06483,0.3378,-0.05263,-0.38961,0.12017,0.15208,0.23369,-0.11071,0.45588,0.20247,0.65369,-0.63514,-0.29075,-0.02727,-0.4212,
-0.0101,-0.69079,-0.23628,-0.2374,0.26453,-0.23187,-0.21185,-0.02695,0.33952,-0.04422,-0.34078,0.11226,0.1981,0.25306,-0.07407,0.47272,0.25816,0.67208,-0.65613,-0.31404,-0.02727,-0.4212,
-0.03693,-0.71714,-0.28143,-0.18854,0.26642,-0.2311,-0.25777,-0.05642,0.33108,-0.05506,-0.31003,0.15427,0.21018,0.25217,-0.06185,0.48018,0.26591,0.68695,-0.6424,-0.30377,-0.02727,-0.4212,
-0.06707,-0.68463,-0.2681,-0.21458,0.22483,-0.27702,-0.30359,-0.04217,0.30149,-0.06114,-0.26759,0.23764,0.18343,0.27515,-0.05448,0.45978,0.28504,0.72374,-0.67739,-0.32779,-0.02727,-0.4212,
-0.06759,-0.69366,-0.31785,-0.226,0.20142,-0.24026,-0.28944,0.00321,0.26355,-0.0326,-0.1393,0.24661,0.12458,0.27263,-0.08932,0.46083,0.11611,0.76663,-0.62793,-0.35992,-0.02727,-0.4212,
-0.0629,-0.70147,-0.29027,-0.2445,0.23379,-0.28095,-0.25546,-0.00864,0.27276,-0.07597,-0.155,0.21905,0.12145,0.28286,-0.13319,0.43664,0.12541,0.78418,-0.65521,-0.33378,-0.02993,-0.50443,
-0.06184,-0.67531,-0.24736,-0.21785,0.24123,-0.26836,-0.28905,0.02054,0.27901,-0.04033,-0.15081,0.19431,0.11665,0.29097,-0.12722,0.38719,0.11636,0.80393,-0.64714,-0.32605,-0.0311,-0.5401,
-0.05771,-0.67274,-0.28104,-0.19925,0.21278,-0.23793,-0.29247,-0.02646,0.27749,-0.09353,-0.14738,0.17382,0.1088,0.29661,-0.05708,0.65237,0.1227,0.82857,-0.62584,-0.32696,-0.0311,-0.5401,
-0.05852,-0.6737,-0.25299,-0.2176,0.20429,-0.28791,-0.29888,-0.06562,0.24954,-0.12529,-0.15459,0.23901,0.10585,0.30474,-0.0701,0.64549,0.12184,0.77885,-0.63862,-0.35135,-0.0311,-0.5401,
-0.03368,-0.63498,-0.20832,-0.21494,0.23705,-0.25843,-0.31341,-0.06618,0.47857,-0.29698,-0.16405,0.28637,0.07798,0.32299,-0.11576,0.68519,0.10283,0.79823,-0.6853,-0.38934,-0.0311,-0.5401,
-0.05148,-0.63745,-0.21597,-0.24909,0.24399,-0.25873,-0.2921,-0.06709,0.4103,-0.47519,-0.19314,0.27158,0.05408,0.31082,-0.11745,0.72162,0.06794,0.75233,-0.70704,-0.38417,-0.0311,-0.5401,
-0.05841,-0.67337,-0.21749,-0.22885,0.23086,-0.29086,-0.275,-0.06729,0.40431,-0.44624,-0.17583,0.29452,0.08985,0.31703,-0.13581,0.66346,0.03221,0.73368,-0.74048,-0.40225,-0.0311,-0.5401,
-0.00851,-0.69662,-0.22084,-0.21231,0.23613,-0.29661,-0.30364,-0.06842,0.43113,-0.47182,-0.1601,0.3148,0.05715,0.27517,-0.17796,0.67335,0.077,0.72936,-0.75683,-0.37764,-0.0311,-0.5401,
0.04137,-0.71959,-0.18625,-0.2433,0.30374,-0.39442,-0.31171,-0.05824,0.22356,-0.46588,-0.17261,0.32524,0.13217,0.28912,-0.13622,0.71328,0.08972,0.71727,-0.7967,-0.34483,-0.0307,-0.50405,
0.04934,-0.68802,-0.14188,-0.26851,0.32984,-0.40017,-0.34763,-0.02432,0.22246,-0.44632,-0.17339,0.32656,0.12279,0.29311,-0.17105,0.713,0.08699,0.68681,-0.81997,-0.34353,-0.02727,-0.4212,
0.04427,-0.70289,-0.11666,-0.22084,0.29996,-0.44731,-0.30611,-0.02148,0.19671,-0.46234,-0.166,0.3279,0.1663,0.34189,-0.12372,0.75541,0.09158,0.69719,-0.81435,-0.29843,-0.02727,-0.4212,
0.00364,-0.71892,-0.1613,-0.20976,0.31504,-0.45808,-0.28221,-0.06316,0.22118,-0.4596,-0.1523,0.30989,0.15013,0.29817,-0.13255,0.75999,0.07777,0.68331,-0.81186,-0.28432,-0.02727,-0.4212,
-0.0096,-0.76246,-0.16699,-0.24851,0.28841,-0.49596,-0.29063,-0.07462,0.25158,-0.41484,-0.14046,0.28362,0.11293,0.32403,-0.14624,0.78801,0.04321,0.66157,-0.83541,-0.2475,-0.02727,-0.4212,
-0.00858,-0.80954,-0.14657,-0.26244,0.25923,-0.50186,-0.23632,-0.06378,0.24956,-0.36686,-0.14111,0.29221,0.11948,0.34171,-0.127,0.82995,-0.00399,0.67933,-0.83438,-0.28454,-0.02727,-0.4212,
0.00351,-0.81011,-0.19397,-0.28028,0.24454,-0.46849,-0.25152,-0.06071,0.09721,-0.64093,-0.13644,0.26212,0.09044,0.33031,-0.12723,0.87204,-0.00423,0.68483,-0.82974,-0.29242,-0.02727,-0.4212,
0.05196,-0.84656,-0.2365,-0.24262,0.24486,-0.44717,-0.23526,-0.0629,0.07301,-0.64476,-0.13665,0.29898,0.07592,0.36432,-0.1207,0.91174,-0.02023,0.69168,-0.84229,-0.30446,-0.02727,-0.4212,
0.02234,-0.86385,-0.25208,-0.28718,0.27807,-0.3986,-0.19585,-0.07233,0.06253,-0.69118,-0.12669,0.29343,0.04083,0.36637,-0.14926,0.87546,-0.05119,0.65583,-0.89082,-0.31431,-0.02727,-0.4212,
-0.01967,-0.85925,-0.22329,-0.25619,0.31403,-0.42127,-0.20071,-0.10963,0.03865,-0.71513,-0.09754,0.29811,0.00523,0.39029,-0.12525,0.89313,-0.0121,0.65955,-0.85654,-0.26964,-0.02727,-0.4212,
0.01873,-0.81522,-0.21256,-0.25895,0.3289,-0.39617,-0.15935,-0.13669,-0.00569,-0.66543,-0.06068,0.33329,-0.02885,0.4105,-0.17329,0.86802,0.00012,0.64667,-0.89962,-0.28755,-0.02727,-0.4212,
0.06249,-0.84212,-0.21529,-0.29509,0.36734,-0.40579,-0.18427,-0.16565,0.02772,-0.69284,-0.06655,0.35415,-0.04723,0.44849,-0.13697,0.89143,-0.01868,0.6283,-0.91449,-0.29598,-0.02727,-0.4212,
0.01952,-0.79858,-0.25396,-0.31007,0.22892,-0.53892,-0.22982,-0.16649,0.00566,-0.71438,-0.07074,0.38389,-0.03624,0.43979,-0.18285,0.89251,-0.01333,0.67241,-0.9184,-0.28738,-0.02727,-0.4212,
0.03454,-0.76511,-0.25015,-0.30716,0.18755,-0.58163,-0.2255,-0.06689,0.02081,-0.68331,-0.16017,0.31104,0.00386,0.44531,-0.22201,0.9423,0.00283,0.715,-0.95196,-0.24306,-0.02727,-0.4212,
-0.0659,-0.6978,-0.27845,-0.3453,0.16977,-0.58162,-0.27386,-0.0431,-0.0158,-0.66157,-0.20332,0.30397,0.04796,0.45531,-0.24526,0.94423,0.14452,0.75654,-0.96349,-0.28557,-0.02727,-0.4212,
-0.10665,-0.6859,-0.23002,-0.36757,0.145,-0.58712,-0.31061,-0.07554,0.00349,-0.67767,-0.22018,0.35264,0.08741,0.42675,-0.26192,0.9697,0.13747,0.74176,-0.93674,-0.28294,-0.02727,-0.4212,
-0.09703,-0.72636,-0.22531,-0.32362,0.15464,-0.54633,-0.31677,-0.05925,0.04838,-0.69038,-0.2238,0.38803,0.04563,0.39561,-0.27663,0.95849,0.1565,0.70852,-0.95179,-0.26726,-0.02727,-0.4212,
-0.12573,-0.75331,-0.20921,-0.25564,0.17199,-0.50436,-0.31751,-0.07229,0.04694,-0.73456,-0.25142,0.36238,0.09065,0.42605,-0.25842,0.95416,0.14045,0.69747,-0.90245,-0.30594,-0.02727,-0.4212,
-0.06094,-0.73983,-0.22289,-0.24813,0.20056,-0.51105,-0.28282,-0.06396,-0.0009,-0.71421,-0.21377,0.35733,0.12897,0.42383,-0.2313,0.92249,0.16506,0.68016,-0.92308,-0.34242,-0.02727,-0.4212,
-0.05154,-0.76063,-0.22326,-0.23871,0.18574,-0.53344,-0.30373,-0.06449,-0.03156,-0.70301,-0.18733,0.34813,0.09206,0.38022,-0.22161,0.95957,0.15325,0.68459,-0.91386,-0.36782,-0.02727,-0.4212,
-0.06447,-0.74568,-0.19741,-0.27293,0.21906,-0.55076,-0.24568,-0.0636,-0.06318,-0.67665,-0.21798,0.38353,0.0671,0.41764,-0.19405,0.96437,0.12715,0.71358,-0.87731,-0.41101,0.01899,-0.46074,
-0.06662,-0.75797,-0.22833,-0.25046,0.24508,-0.58176,-0.19606,-0.05056,-0.05649,-0.67158,-0.18146,0.35007,0.09654,0.37578,-0.23253,0.989,0.1358,0.73237,-0.87658,-0.41577,0.03992,-0.38968,
-0.046,-0.76181,-0.24108,-0.25921,0.21887,-0.5363,-0.23387,-0.04666,-0.02357,-0.68683,-0.11061,0.2741,0.09712,0.35485,-0.22156,0.96828,0.1602,0.6895,-0.84456,-0.39889,0.02588,-0.40534,
-0.06089,-0.74707,-0.2765,-0.24924,0.24761,-0.55371,-0.22574,-0.0418,-0.05571,-0.66791,-0.08425,0.30339,0.08984,0.34759,-0.19658,0.98763,0.16256,0.69004,-0.89426,-0.42843,-0.02727,-0.4212,
-0.06358,-0.75895,-0.24704,-0.28342,0.23222,-0.54278,-0.24888,-0.05466,0.19583,-0.64435,-0.11251,0.30521,0.0601,0.32558,-0.23728,0.95458,0.16712,0.71313,-0.84657,-0.43332,-0.02727,-0.4212,
-0.03777,-0.71937,-0.29177,-0.32971,0.24905,-0.55639,-0.20916,-0.04871,0.20744,-0.67095,-0.07458,0.34751,0.07648,0.33076,-0.28449,0.9551,0.121,0.75722,-0.87,-0.44054,-0.02727,-0.4212,
-0.00427,-0.72246,-0.31694,-0.32243,0.2091,-0.52318,-0.21826,-0.04103,0.2202,-0.62528,-0.10904,0.39644,0.03644,0.35806,-0.24143,0.99803,0.13707,0.74225,-0.91643,-0.39106,-0.02727,-0.4212,
0.04221,-0.71074,-0.3048,-0.31545,0.21415,-0.52189,-0.18182,0.00028,0.20765,-0.6641,-0.14609,0.41568,0.06352,0.40711,-0.3185,0.7464,0.12467,0.73234,-0.94048,-0.4045,-0.02727,-0.4212,
0.01332,-0.75645,-0.32483,-0.32879,0.21352,-0.51732,-0.14994,-0.01298,0.25317,-0.69484,-0.15193,0.37974,0.09261,0.38374,-0.28903,0.7546,0.09661,0.69994,-0.98251,-0.44562,-0.02993,-0.50443,
0.01171,-0.7781,-0.33411,-0.34619,0.16859,-0.50889,-0.1933,-0.04186,0.29614,-0.69591,-0.13904,0.35995,0.04872,0.39112,-0.24171,0.72682,0.13694,0.72194,-1.00183,-0.49345,-0.0311,-0.5401,
-0.03523,-0.74772,-0.28664,-0.29659,0.18005,-0.5392,-0.18405,-0.02109,0.28177,-0.65176,-0.14907,0.37586,0.08904,0.40854,-0.23373,0.76294,0.1312,0.75841,-1.01957,-0.44373,-0.0311,-0.5401,
-0.0589,-0.69407,-0.24877,-0.31603,0.14258,-0.57607,-0.15783,-0.02501,0.26661,-0.62625,-0.11084,0.41711,0.04737,0.41323,-0.26443,0.80619,0.1282,0.7597,-0.98117,-0.47573,-0.0311,-0.5401,
-0.06106,-0.6914,-0.23131,-0.31896,0.16523,-0.61844,-0.19468,0.01699,0.29009,-0.63184,-0.08725,0.40803,0.09707,0.4144,-0.30566,0.77455,0.15163,0.74487,-0.95746,-0.45198,-0.0311,-0.5401,
